1.310305388,5.265837637,qat
1.807496019,4.473977389,doq
1.828073700,4.368759399,doq
2.250278501,2.510486673,doq
0.809597564,1.625995122,qat
0.835273499,3.986924917,qat
1.596440051,5.485240276,doq
0.917451826,0.198000957,qat
0.761616860,4.235469559,qat
1.333237179,1.454580258,qat
2.120605062,6.156591822,doq
0.307872493,2.658182690,qat
0.057841418,3.783048605,qat
0.356434894,4.167260741,qat
1.700653184,4.222820391,doq
3.056356044,1.513857850,doq
0.781107829,1.587781679,qat
1.723835215,1.413608150,doq
3.111045736,3.813196817,doq
3.071292306,4.311176623,doq
1.611699478,4.788716167,doq
2.035671885,0.076431302,doq
1.859062195,3.147150475,doq
1.964596261,2.824731168,doq
0.519447626,6.212040472,qat
1.348178813,1.137519834,qat
2.251314483,3.958755493,doq
0.016314356,4.996442103,qat
0.004253271,1.962835075,qat
2.718168641,3.236364244,doq
2.858206839,0.172395722,doq
2.332519865,3.375427935,doq
1.417392328,0.761173619,qat
0.087630627,2.441216941,qat
1.157014973,5.343037224,qat
0.032514729,3.887244035,qat
1.391950910,4.133801324,qat
1.210089237,4.833335687,qat
1.984098788,1.654115144,doq
1.890656345,4.172093491,doq
1.328359084,1.405312700,qat
0.409147959,4.493333573,qat
2.858523898,1.488097183,doq
1.376167621,1.822749830,qat
2.671479269,3.008794623,doq
2.545456175,4.942187227,doq
3.021830592,4.882218954,doq
0.138388885,1.326509221,qat
1.718353353,2.342290053,doq
2.940227731,0.532326773,doq
2.108942408,6.050040611,doq
0.381654983,2.661511487,qat
0.851194037,2.142637609,qat
1.142990232,2.082191108,qat
0.544814067,3.504626748,qat
0.751334481,4.704281974,qat
2.683444957,1.407810441,doq
0.022983165,0.661583764,qat
0.655012859,1.902528127,qat
2.775742783,1.345258058,doq
0.625684612,5.774741574,qat
2.063640944,3.818641516,doq
0.215070896,4.388740299,qat
0.094472321,3.490381189,qat
1.124050525,5.704380589,qat
0.627382487,6.138910676,qat
2.741299622,4.976199551,doq
2.480370767,4.816947301,doq
2.481793474,3.553693236,doq
0.086885418,2.594977398,qat
1.922422704,4.622544011,doq
2.235857152,4.251665115,doq
1.469655078,6.237885064,qat
2.877839599,2.546354336,doq
0.722683659,3.669701761,qat
2.788411361,5.337755836,doq
0.353400131,3.524750941,qat
2.620534812,4.067508715,doq
2.521255487,5.060706015,doq
1.259392044,0.268052330,qat
0.556792758,2.984851319,qat
1.540852719,2.904411957,qat
2.171596339,0.922031903,doq
1.567515490,1.717905891,qat
1.500399337,2.792297974,qat
0.098253301,4.656310359,qat
1.979172230,0.895990875,doq
0.091386126,2.545705774,qat
0.790884482,1.896526891,qat
1.770732913,0.439241919,doq
2.193352457,5.463286727,doq
0.043912702,4.394819525,qat
0.472460679,4.201731381,qat
0.477710758,2.950376968,qat
0.296375877,4.591352502,qat
0.297349993,5.147945589,qat
2.095529744,4.868302398,doq
2.549678541,4.976050871,doq
1.826305426,1.082883673,doq
1.937210773,3.715917491,doq
1.458037828,5.572597944,qat
1.987183346,3.082772555,doq
1.144550270,3.835995076,qat
0.892354139,0.920261218,qat
2.749304242,3.860259416,doq
0.108213551,5.985521914,qat
0.603894595,3.096105363,qat
2.180263071,1.916444050,doq
1.749613985,2.108805297,doq
0.945052764,5.227745189,qat
1.637978137,2.151847443,doq
0.988389073,3.194942596,qat
1.979615823,2.446199667,doq
0.275069613,1.369790651,qat
2.606327213,4.763496786,doq
0.496415349,3.354386835,qat
1.142322810,2.433941940,qat
1.727602282,0.479283804,doq
0.358817723,0.214427166,qat
1.596031501,0.882957353,doq
0.484818579,3.311341031,qat
1.208754256,0.808607907,qat
1.080991510,4.438555133,qat
2.282567575,6.054361247,doq
1.963273935,2.368493710,doq
0.161813206,1.321925568,qat
3.047365628,3.528817273,doq
0.791873709,3.007399086,qat
1.884149186,2.141494939,doq
1.219341964,1.140556094,qat
2.171859395,1.201745495,doq
1.426648073,1.973573074,qat
1.244505794,5.955249179,qat
2.602576309,1.963648150,doq
2.498141862,4.611515610,doq
1.009068448,0.772177584,qat
2.068101384,3.555763722,doq
3.139048563,4.448842885,doq
2.769957046,1.333106314,doq
2.523617975,2.964893765,doq
3.053265490,5.577629974,doq
1.047487251,4.174211673,qat
2.914366550,1.094751904,doq
1.147796540,2.910878905,qat
2.204322742,4.909647416,doq
2.142131386,0.411765204,doq
0.703788482,1.331205291,qat
0.119665861,1.305732980,qat
0.142224898,2.682281063,qat
1.969835832,4.011807780,doq
2.379740260,2.786668127,doq
3.087642688,3.839783382,doq
0.782037983,1.157941284,qat
0.226293990,5.044044220,qat
0.079610410,1.801033694,qat
0.254077559,1.141047751,qat
2.123570728,2.820970073,doq
1.994688805,5.659964699,doq
2.318754298,5.548610894,doq
0.870365472,5.124464592,qat
2.831354370,0.392051517,doq
2.692761468,4.982858131,doq
0.010149827,5.756680941,qat
0.515642377,2.269379475,qat
0.726248262,5.539959265,qat
2.986466610,5.732461182,doq
2.389561837,0.865628268,doq
2.233479972,4.892599053,doq
2.347467501,3.178610501,doq
1.846894987,5.933842165,doq
1.102907301,2.804929112,qat
1.288739266,1.155503884,qat
2.971649030,4.303217668,doq
1.934696633,0.595573810,doq
2.680658168,1.599448527,doq
0.949383579,3.041577055,qat
3.068832582,0.073160917,doq
0.919095405,1.842205183,qat
2.733589179,1.372194832,doq
1.577055717,0.021261243,doq
2.119754634,0.386047864,doq
2.451231881,0.579966634,doq
1.827909322,4.708844761,doq
2.382373308,3.798121997,doq
1.524845314,0.118370019,qat
2.076532043,1.750457277,doq
2.489680724,1.453012358,doq
2.401411463,5.217993205,doq
1.310089363,2.908433570,qat
2.497198609,6.262029519,doq
1.189257494,0.924561723,qat
0.672754528,5.309760646,qat
0.606667985,2.309474921,qat
0.270914588,1.297628926,qat
0.359035440,5.866333924,qat
3.115568998,0.913626462,doq
2.718075076,6.223601210,doq
1.852639524,5.264743610,doq
2.392789329,5.280396158,doq
2.804289150,3.170641806,doq
0.520602230,0.998035980,qat
2.943092194,2.248346863,doq
0.671048890,2.308196566,qat
2.406120367,2.455285255,doq
2.692108230,2.835005577,doq
1.949523788,2.465695259,doq
0.930734005,1.694792969,qat
1.867834559,4.200393586,doq
0.998391948,2.538644509,qat
2.298018595,5.776411719,doq
2.169588415,3.662320469,doq
0.691349246,2.797254123,qat
0.801292593,4.282411368,qat
0.801841047,1.435659547,qat
2.225277497,4.551829789,doq
0.163529055,0.452558931,qat
2.980697552,5.815035335,doq
0.898051061,2.984649026,qat
1.687462669,4.051328416,doq
1.263139232,0.869873130,qat
2.893444913,4.640095806,doq
0.209555404,1.199045893,qat
2.183709225,5.016346386,doq
2.690864965,1.877223826,doq
0.611179250,5.419355875,qat
3.061582862,2.492467206,doq
1.020167625,4.302142162,qat
1.763765601,3.051192449,doq
2.569133071,2.256410605,doq
2.405688644,5.171946043,doq
2.446315287,4.866555668,doq
2.018565332,5.210800593,doq
1.159984404,5.311759951,qat
0.194017338,5.584971724,qat
0.737470626,0.255409203,qat
2.252539907,5.995132475,doq
2.771164074,1.797876565,doq
2.848528307,1.174915671,doq
1.478451926,1.717746618,qat
0.860168815,5.692146411,qat
3.078833336,4.143429880,doq
0.367463257,0.521437942,qat
0.108388197,4.897835290,qat
2.552863992,6.054890706,doq
2.206995813,5.412767645,doq
0.102626854,2.942965207,qat
1.877259162,0.982572597,doq
2.948409169,4.984603550,doq
2.633002972,0.903247933,doq
1.879082092,4.476567906,doq
0.752645298,5.031602586,qat
0.277041355,0.486048548,qat
2.523520539,1.951693968,doq
0.674183464,0.544948501,qat
2.254593208,0.744605408,doq
0.729522296,4.660369960,qat
0.783641781,5.616475675,qat
0.438671925,0.035440586,qat
1.365508717,0.836241054,qat
0.372839993,5.466478204,qat
3.089959585,0.213190908,doq
1.346264665,4.249050687,qat
1.586632429,3.289477779,doq
2.243640921,2.935886573,doq
2.823475267,4.761225322,doq
0.939416630,0.898405929,qat
2.576722572,2.066701351,doq
2.636668206,5.551602614,doq
2.641932891,3.936775033,doq
2.680501094,3.371418754,doq
2.302506344,1.514083074,doq
1.133484292,3.082132819,qat
3.127613229,5.153666022,doq
1.272000610,0.234942152,qat
1.600798302,5.892425911,doq
2.472319111,2.863995901,doq
2.808522280,5.924034731,doq
0.445430448,0.498273996,qat
0.872466132,1.858059767,qat
1.703709114,3.834090087,doq
0.302367355,5.936518914,qat
2.652888007,1.939174603,doq
0.891865967,3.803289831,qat
2.544768674,3.507928897,doq
2.454596109,5.689068889,doq
2.343740150,2.204613998,doq
1.366165050,1.930598354,qat
1.192780897,3.227989891,qat
1.351108097,5.786568486,qat
0.860891647,2.941770560,qat
2.686920415,2.973182630,doq
2.918852223,5.333938701,doq
0.379472628,2.796307010,qat
2.968981870,0.656744873,doq
0.083579604,4.403156232,qat
0.412866541,4.395711450,qat
2.627512695,2.432135614,doq
2.541363779,0.816939528,doq
1.833729748,0.879993277,doq
0.668692680,4.808991684,qat
0.929856433,5.148349983,qat
0.691127915,4.259266367,qat
2.079956842,4.385460329,doq
0.449311645,0.008708579,qat
1.608060581,1.645531172,doq
2.997880163,6.055211035,doq
2.686134603,5.881235142,doq
1.896862248,5.600206694,doq
0.238669063,1.797185755,qat
1.484747109,2.394839447,qat
0.345429515,4.677361418,qat
3.019315730,4.588650586,doq
1.278444753,5.784548615,qat
0.519950239,6.217858013,qat
2.260767646,6.082632324,doq
0.662730565,1.960958639,qat
1.433025344,3.272848348,qat
2.470637449,4.733924018,doq
1.484942193,1.162580350,qat
0.211865015,4.732684634,qat
0.851817177,1.429323886,qat
1.826118648,3.890625013,doq
0.387631302,4.670578196,qat
0.416742344,4.800528346,qat
1.738832213,3.316368148,doq
2.086692839,6.062131406,doq
2.399251486,0.866247491,doq
0.527303063,2.032429384,qat
1.226510958,0.167174652,qat
3.033328800,0.018511839,doq
2.777749956,5.578151443,doq
2.075602627,6.118661358,doq
2.611962616,1.922902333,doq
2.566476718,4.029841593,doq
0.205941945,0.172297164,qat
3.084281640,4.223879192,doq
2.830279706,2.387028771,doq
0.974775658,1.071084718,qat
0.282358793,0.313436561,qat
0.648411310,0.480514170,qat
2.818576544,3.173501789,doq
0.487341310,5.130180617,qat
2.749804031,0.057155129,doq
0.810295230,2.482173665,qat
0.365929250,3.970102828,qat
0.066098482,4.644274275,qat
1.675093468,6.053581170,doq
0.869296585,0.390580604,qat
0.301239462,1.357325987,qat
3.009014398,0.193088993,doq
0.568994401,3.499356279,qat
0.470790907,4.282436159,qat
1.312590563,2.028513465,qat
0.358858493,4.149463276,qat
2.060768808,3.729477677,doq
0.151785429,3.143041445,qat
0.766816791,0.273472628,qat
1.705570920,2.074257452,doq
0.364113209,1.002168894,qat
2.426325557,0.885036303,doq
3.057723601,1.108878907,doq
0.583725687,5.027298283,qat
0.887184373,5.682373790,qat
2.651623329,0.988548513,doq
0.900330122,3.968562983,qat
2.461537836,0.746184305,doq
0.505406346,3.336286361,qat
1.415516114,2.139371151,qat
0.390657450,3.577780316,qat
2.121143302,3.380719904,doq
0.628364833,2.523912164,qat
2.418338801,0.296236531,doq
0.673319860,0.098304710,qat
0.747451206,3.445276162,qat
1.840637601,5.727812030,doq
0.358810139,3.473832006,qat
1.716517653,0.745706215,doq
1.239269599,0.712703226,qat
1.117964207,2.108546678,qat
1.854673445,0.556534998,doq
1.828270918,1.551511209,doq
2.907942538,4.733369842,doq
1.835402077,5.589087117,doq
2.990320049,1.840317029,doq
2.239727052,3.986663012,doq
1.485291138,0.468478709,qat
0.250260664,2.147259938,qat
1.104109445,3.371231421,qat
2.354295455,2.821134845,doq
0.778840749,2.027571177,qat
2.421529447,5.182445190,doq
2.938418518,2.765049454,doq
1.455151919,3.169179069,qat
2.488570879,5.169737178,doq
1.524170441,5.250479590,qat
0.298945503,3.446290028,qat
0.530968097,2.774815813,qat
3.033606554,2.857144235,doq
0.427732786,1.499157043,qat
0.350948061,1.880480875,qat
1.673034212,0.113114929,doq
1.282348665,4.345204323,qat
1.431008645,1.304013980,qat
0.717587072,1.845552413,qat
1.821966434,1.057620928,doq
0.699616265,2.332113924,qat
0.606221731,3.659462584,qat
2.784887707,5.039326427,doq
2.970906964,4.289206039,doq
1.438541488,1.926743704,qat
1.445584288,4.239898898,qat
1.531933499,2.461767592,qat
0.294969118,1.812222129,qat
1.813762860,3.463968118,doq
1.828189386,1.382479465,doq
2.260503559,2.171964900,doq
2.418785885,4.304475564,doq
0.132749647,5.104469336,qat
0.818993742,1.540866856,qat
1.276398490,1.804707834,qat
2.409804927,0.523352074,doq
2.171934038,0.460242808,doq
0.620988487,1.723333861,qat
2.444020138,4.260632413,doq
1.735016027,5.844787398,doq
1.798319352,5.126553498,doq
2.238929279,4.875521940,doq
0.260229668,4.429458740,qat
0.798530145,3.488128161,qat
2.023167109,0.113998066,doq
1.654872079,3.991630275,doq
2.525492844,3.420328087,doq
1.574432646,5.801767925,doq
2.414113453,3.088743897,doq
2.961827091,5.145781074,doq
0.151101274,4.232121775,qat
3.002332769,1.762186256,doq
0.694501178,0.204848797,qat
2.736973791,5.373019326,doq
2.198721207,2.335670242,doq
2.226669554,3.935664831,doq
2.478349616,1.286566296,doq
0.581415476,5.587395900,qat
2.900656464,3.885493801,doq
2.145268768,1.183681998,doq
0.722253871,4.815760610,qat
2.473039637,1.411773927,doq
1.682415801,0.603283816,doq
2.685916257,5.792849616,doq
0.807364499,3.344003218,qat
1.148636648,2.648444584,qat
2.080008847,5.394781185,doq
2.906991351,1.794618344,doq
2.938216393,5.974251390,doq
1.510042319,6.068978581,qat
0.080901608,4.430139748,qat
0.865181149,1.652845834,qat
3.133396568,2.232617798,doq
0.300268176,4.387307349,qat
2.933652040,5.287824421,doq
0.495192290,2.103862615,qat
1.374884087,0.634524798,qat
2.288289083,3.500726747,doq
1.876238110,5.895676874,doq
2.002624855,2.166897995,doq
1.910381538,2.525475451,doq
0.388752886,1.452691429,qat
0.144108917,0.942581555,qat
3.119469588,4.163375252,doq
0.581974606,5.690014836,qat
2.991878504,5.975447252,doq
1.970522518,2.835211563,doq
1.340831033,4.559355034,qat
0.143738606,5.427895884,qat
0.176127569,1.442994908,qat
1.866424193,1.270553959,doq
2.648742956,0.054784493,doq
2.009370326,1.437583362,doq
2.820619782,5.606728820,doq
0.482687417,2.858726354,qat
0.517904473,0.578818200,qat
0.495646074,1.515469794,qat
2.833378876,6.237960531,doq
1.154220471,1.616834667,qat
1.461068478,5.931533090,qat
0.377368975,1.732436811,qat
0.543715065,3.962996484,qat
0.241486320,5.114605296,qat
0.113413077,4.577260775,qat
0.947433281,4.101419337,qat
0.084670688,1.005196157,qat
1.087760141,5.415759607,qat
1.675298898,4.423640853,doq
0.886282474,4.751675503,qat
0.301068960,5.534837156,qat
3.016957578,2.549115773,doq
2.198448581,1.470481625,doq
1.502403258,2.854066092,qat
2.089092224,5.593158573,doq
1.400449058,6.153436968,qat
0.500079983,3.628709059,qat
0.121899809,4.565251605,qat
0.933671710,3.850203787,qat
1.345932913,0.612644333,qat
1.054365577,2.567471444,qat
0.788503314,1.840622231,qat
0.462243073,1.766487675,qat
2.462137018,3.905566740,doq
3.002208896,3.850022537,doq
0.234281397,5.823368065,qat
3.075300219,1.355495779,doq
0.165986227,2.946753257,qat
0.747226918,2.139412063,qat
0.665846364,1.940838376,qat
1.517529965,2.032378375,qat
2.710065205,5.459967202,doq
1.557855129,4.048416623,qat
2.375197993,0.339983131,doq
1.031146723,4.798888323,qat
0.046433915,2.182496041,qat
2.151388638,2.955696450,doq
0.143317556,0.316696140,qat
1.967166611,3.957146638,doq
2.479207121,4.095367880,doq
1.410659785,5.710533986,qat
0.783132152,5.286740410,qat
0.617310593,3.952133519,qat
1.785698102,4.798573929,doq
1.513627425,4.653541358,qat
2.888639511,1.818865068,doq
2.517008604,5.048913052,doq
2.170959712,3.514791888,doq
2.961918618,3.106975539,doq
0.646138913,5.079209697,qat
1.271072122,5.937226064,qat
2.481334890,4.694705707,doq
2.609802906,1.179084201,doq
0.966498750,3.070684851,qat
1.002743985,0.048214793,qat
0.182698577,5.807665025,qat
2.242253272,0.878156298,doq
1.515277430,3.948677600,qat
1.274553269,3.937154376,qat
2.287196984,4.988467304,doq
0.957862802,0.924953342,qat
2.243976715,5.823966137,doq
1.982378475,5.677555535,doq
2.847500617,6.100421190,doq
0.269514152,0.435738566,qat
0.240938986,2.156113052,qat
0.796725779,5.599283521,qat
1.765046372,1.067277824,doq
0.539371010,1.668454694,qat
2.731692633,0.995972351,doq
2.236044257,2.774419746,doq
2.298143069,2.339087179,doq
0.982139935,4.598005071,qat
2.310262450,0.761724048,doq
3.119682694,2.476217444,doq
2.963219065,3.747635146,doq
3.104008111,0.788001640,doq
1.132363391,3.206747339,qat
0.330979594,3.208971068,qat
0.301461007,6.120429389,qat
3.071366910,2.909719372,doq
1.397637795,3.055540417,qat
1.114171824,2.092695237,qat
2.371795032,3.651273808,doq
1.070691988,5.027040760,qat
0.745131683,1.068816131,qat
2.949569464,0.890389430,doq
2.120891282,6.246769912,doq
0.548935362,4.832066324,qat
1.008941385,3.999026452,qat
0.583742005,2.384821706,qat
0.301259416,3.827611637,qat
0.031676650,1.414913419,qat
2.019974572,2.633115604,doq
2.418178183,3.222861935,doq
2.982112600,5.385371114,doq
1.822427575,3.160963068,doq
1.575952756,4.526343593,doq
0.560098471,5.199186174,qat
1.238960804,2.578184343,qat
1.301763591,4.128055640,qat
0.355741994,0.696501610,qat
1.376460300,2.073855557,qat
2.188216303,3.244760809,doq
0.988400394,4.264651629,qat
2.184806504,2.369524061,doq
1.851555040,0.335864691,doq
1.986010795,3.647827234,doq
1.724211517,5.113601917,doq
3.059274708,3.411798789,doq
0.458538512,2.336651635,qat
2.072369496,5.377404643,doq
0.215196980,5.430555411,qat
2.984396535,1.647877607,doq
0.610960791,0.612294019,qat
0.964398600,0.280327268,qat
1.778684959,1.122921472,doq
2.300624775,6.118877052,doq
2.222260520,0.131938616,doq
2.476048618,3.177271563,doq
2.781014941,6.179927059,doq
0.992557984,5.651119901,qat
1.108669282,3.245701387,qat
0.016791451,3.686632794,qat
0.620654698,4.238383535,qat
2.284903526,4.838545663,doq
2.444319702,2.375737092,doq
0.099049349,3.109847917,qat
2.044026500,5.681303671,doq
1.634630248,3.815354947,doq
0.200465152,5.027320322,qat
1.902151899,1.680479724,doq
0.883975831,0.312251638,qat
0.499938629,5.911309100,qat
0.787745255,1.182776991,qat
2.675425998,3.242870319,doq
0.374600701,5.504759681,qat
1.089794642,4.402290505,qat
0.934162220,3.618857825,qat
0.683602773,0.441366179,qat
1.534460164,3.208569635,qat
1.201449988,3.588395705,qat
2.210148182,2.289399593,doq
0.677478137,5.970591051,qat
3.081824918,3.112552270,doq
1.615323670,0.104295501,doq
1.443344932,4.320011086,qat
2.204983969,4.077186570,doq
2.855275477,4.912668712,doq
2.590097287,4.217410641,doq
1.563307501,5.971043063,qat
2.438416693,1.238353298,doq
0.667838236,0.496907824,qat
3.089910746,5.184398234,doq
1.200001028,0.511103064,qat
0.365768791,0.034830842,qat
1.029900640,5.572153575,qat
1.310969004,5.669317460,qat
0.272467522,5.569303433,qat
1.705404816,3.808466388,doq
2.525027194,4.193057382,doq
2.931475783,2.350210352,doq
0.574406422,3.576966154,qat
1.082539427,4.180721113,qat
0.555638708,5.387356694,qat
1.145844720,2.720895339,qat
2.081473449,0.914094413,doq
2.085927763,3.338529977,doq
1.336638316,3.326659745,qat
2.563893825,1.608419664,doq
0.464425252,2.887187008,qat
1.626419173,5.688056094,doq
0.103637024,5.019157341,qat
2.144894699,3.587073129,doq
2.135758638,2.030701898,doq
1.548910281,3.807008477,qat
2.601973464,0.338270120,doq
2.957025617,4.477632678,doq
2.151849352,2.666430416,doq
0.286958815,3.522778505,qat
3.013449690,2.664928727,doq
0.861512032,5.196162477,qat
1.414944102,4.743002630,qat
1.272713253,2.612663358,qat
1.282087554,2.578218463,qat
1.119540261,1.562661691,qat
0.939873439,5.502671457,qat
1.587223358,2.188475548,doq
1.854833108,4.993385906,doq
1.458535557,1.082885642,qat
0.848313731,2.041145793,qat
2.605732769,5.515835099,doq
0.373584191,1.554133540,qat
2.681971674,2.667335363,doq
2.368388012,5.090805880,doq
1.551229202,3.598706314,qat
0.769797153,3.076157575,qat
1.901205219,0.845252142,doq
3.073891536,5.638219781,doq
0.755072855,3.682968143,qat
0.578894300,1.404323331,qat
2.106367348,2.890775183,doq
0.611990644,3.878805569,qat
0.523172148,1.067822109,qat
1.545053710,6.244937647,qat
2.557628259,4.601526780,doq
1.708173578,5.013633363,doq
2.801428230,2.580828182,doq
2.545468440,0.155889311,doq
0.601335309,5.765447112,qat
2.801029225,1.468439495,doq
1.481424112,5.467670213,qat
1.757658944,5.863636734,doq
1.425509877,4.128978080,qat
3.106605905,3.078790245,doq
0.512038674,2.306117364,qat
0.714711783,5.716502999,qat
1.515110246,3.217095594,qat
1.856417832,4.431324639,doq
2.204943423,5.922366193,doq
2.951522112,1.653437393,doq
0.352387127,4.508264208,qat
2.039600582,1.564928321,doq
0.763126593,4.188216242,qat
2.982790666,0.895782124,doq
1.403911382,0.527970612,qat
0.715095592,5.399223116,qat
0.897119483,6.220515950,qat
0.193779413,2.171485722,qat
1.897763963,6.143946609,doq
1.721412491,4.747750840,doq
2.793922086,3.859975383,doq
0.783170462,2.677595934,qat
1.682210177,2.259015070,doq
2.253975943,0.634969093,doq
2.683821679,2.910129643,doq
3.001013666,5.698522611,doq
1.011546589,6.107487064,qat
1.481363904,1.995603279,qat
0.781746279,1.524805564,qat
1.683791931,5.638412937,doq
0.865232310,2.599293148,qat
0.032506340,5.618320532,qat
3.050133794,2.148891843,doq
3.048225774,4.131802075,doq
1.221432193,4.575913555,qat
1.020458631,5.830799472,qat
0.457703850,2.131324995,qat
2.061356221,2.394562726,doq
1.937192084,4.649005348,doq
2.155992644,4.634183891,doq
1.508358197,0.010217381,qat
1.089261605,3.127381943,qat
1.302149441,6.092843173,qat
2.264100734,4.755061128,doq
2.062969942,2.565519587,doq
0.584237812,6.163680679,qat
2.022355193,4.158291588,doq
1.507688208,0.573171741,qat
2.047397301,5.811022599,doq
2.292140841,0.658694122,doq
0.371994699,3.684852870,qat
1.639949809,5.721905469,doq
0.430999357,4.984450346,qat
2.183376842,2.498229300,doq
1.610422374,2.591945482,doq
1.803936484,2.143292769,doq
2.688911316,5.701920292,doq
1.522387961,4.283347076,qat
2.058241507,0.262279558,doq
2.460541445,1.723655362,doq
0.930096332,3.854578150,qat
1.456853606,0.919954516,qat
1.363882032,1.147668778,qat
0.629696636,2.265251898,qat
2.633394791,4.231846589,doq
0.582352145,4.351756724,qat
0.996437642,5.970027031,qat
0.105738407,2.069183288,qat
0.494135404,0.918994623,qat
2.909771385,4.724916404,doq
1.914435499,4.866004799,doq
0.954205764,2.187479672,qat
0.192868990,5.898221538,qat
1.223488984,0.678465226,qat
1.317395079,0.143673962,qat
0.047503862,3.763023537,qat
2.002222413,2.382936108,doq
0.497323320,3.833438344,qat
2.054790543,4.216710940,doq
3.044672391,0.112490012,doq
2.117332835,5.663874731,doq
2.723592960,5.641927022,doq
2.352518424,4.765375010,doq
2.433805535,4.973248597,doq
2.403789993,5.508410156,doq
2.646254554,1.401306238,doq
0.235996672,1.622505526,qat
1.870649441,2.024563725,doq
1.492109641,2.254380976,qat
1.912334546,2.229958770,doq
0.995775608,5.658541136,qat
0.540005657,2.900354732,qat
1.012339047,3.840067507,qat
0.888640066,5.193605527,qat
3.125610019,0.602575325,doq
2.810455667,5.655100503,doq
3.114280318,1.993832069,doq
2.860124103,3.423339647,doq
0.247313214,4.713681317,qat
3.132176100,6.124949125,doq
1.874144383,1.871325114,doq
0.409931722,2.197109736,qat
0.355013017,3.504199029,qat
2.195484526,0.052359746,doq
1.611104521,1.181241217,doq
3.083665161,4.210203007,doq
1.373847438,5.456688875,qat
2.876960356,1.901148857,doq
0.281268858,5.458433190,qat
3.004324500,1.621637082,doq
0.313508275,0.174841937,qat
1.469004545,2.941801417,qat
2.135501879,1.944170328,doq
2.654655482,5.860783092,doq
3.071998027,4.550442339,doq
0.986443549,0.907857707,qat
0.038766448,1.813239344,qat
1.942597950,1.209329001,doq
1.802173599,2.964304364,doq
0.619345569,2.854619044,qat
0.335214892,4.952638697,qat
2.824080925,3.103244608,doq
0.754953856,2.761299566,qat
0.720235356,6.180736082,qat
1.127646266,3.569218515,qat
1.908752940,3.190915390,doq
0.935046172,4.028203971,qat
0.331853424,0.384356704,qat
0.183784638,3.160868620,qat
0.597073379,5.025018488,qat
1.160443309,5.496284606,qat
1.351620115,6.200999968,qat
1.356942447,4.107374668,qat
2.052037753,1.187272678,doq
0.662024662,0.960029432,qat
3.100577828,4.719458041,doq
0.476397361,5.411154699,qat
2.380164185,2.514043447,doq
0.744255172,5.852430491,qat
2.449865885,0.360717603,doq
3.054254588,5.551004495,doq
0.077665455,1.692011077,qat
0.127018456,1.707630336,qat
1.810925513,3.358974712,doq
0.776385850,0.690853980,qat
2.002217306,0.712044705,doq
2.014493233,2.170930851,doq
2.143650917,6.032266430,doq
3.090520835,4.587646501,doq
0.458153416,2.434145836,qat
0.691145704,2.799035888,qat
2.814538947,0.157120183,doq
1.942339772,1.646657300,doq
0.374091986,5.944481465,qat
0.908320946,2.488951714,qat
1.646056272,0.120265723,doq
2.977749221,3.971853008,doq
2.250872261,3.411107070,doq
1.240219225,6.171957118,qat
1.489067637,6.186552153,qat
2.154600528,4.072333488,doq
0.668109604,0.475163660,qat
0.770432849,6.046340453,qat
2.160155529,1.843167846,doq
1.386738634,4.404287694,qat
2.545089810,3.822902010,doq
1.872156803,0.326064616,doq
2.657593550,5.521038365,doq
1.181571886,0.613434559,qat
1.697797095,1.839698649,doq
2.126518813,1.784920670,doq
0.325983439,5.354493501,qat
2.327500701,5.953941577,doq
3.013813931,3.724048049,doq
0.347128922,5.895541202,qat
1.389308030,4.570574311,qat
2.716497224,5.301772391,doq
1.493710992,2.754942205,qat
0.486026923,2.283214998,qat
0.583501186,1.987368239,qat
2.072757035,3.383714549,doq
2.252880747,2.243883220,doq
2.765263610,5.364294730,doq
2.482289175,6.099166771,doq
0.703121459,5.299380171,qat
1.103104529,4.973929680,qat
0.649715452,0.642255737,qat
0.518725593,1.726553193,qat
1.342923024,0.730108277,qat
0.826024549,5.822371733,qat
1.184934016,1.871242490,qat
0.866165464,1.040468683,qat
0.686198384,2.015542787,qat
2.846517394,6.096232434,doq
0.107978653,1.186123960,qat
1.534726643,1.002691475,qat
2.529757208,3.349060188,doq
0.976899017,4.708971214,qat
0.242343710,2.378362702,qat
1.810680645,3.784734639,doq
2.803763659,2.692761432,doq
0.873955589,3.803399108,qat
1.463165598,0.386493235,qat
2.326121631,2.633701754,doq
2.398584583,4.179114922,doq
1.468803597,4.735397335,qat
1.744933970,6.253787226,doq
3.134142744,0.315555006,doq
3.065573666,0.056778788,doq
1.052114539,5.882821717,qat
2.026560664,6.165429723,doq
1.641707424,5.523428799,doq
2.080701037,2.273120299,doq
0.987153093,4.327492893,qat
0.490618846,3.662186422,qat
2.839549176,5.570895125,doq
2.569280855,2.598671771,doq
1.957678299,2.124142229,doq
1.191891008,0.778531497,qat
0.705726909,0.199838396,qat
3.128456051,0.303697053,doq
3.032863212,0.190347146,doq
2.394456448,5.706273454,doq
0.542805601,5.759107419,qat
1.090433377,4.754448031,qat
1.028468517,5.696833991,qat
1.379950999,3.471954999,qat
2.304261107,1.808469187,doq
0.212560723,3.429193436,qat
1.004671329,4.542358793,qat
3.008286939,6.024257650,doq
2.302867929,5.403367847,doq
0.995156207,3.784001926,qat
0.277440401,6.109648463,qat
2.812099129,1.169674234,doq
1.755583241,6.248237111,doq
2.039358446,3.399172715,doq
1.125476394,2.929794650,qat
1.090120648,3.834468158,qat
2.458824014,5.930654124,doq
2.534359745,4.233562202,doq
0.830277760,5.839505725,qat
0.111941041,1.173350827,qat
1.157917589,5.765008830,qat
3.069095360,4.268467022,doq
1.255568089,5.891450099,qat
2.686113476,1.346579500,doq
0.049001555,5.262792321,qat
0.145432319,3.505437755,qat
1.890827816,1.438178932,doq
0.950295058,3.689338261,qat
0.714573304,0.372428992,qat
2.071303035,3.038838003,doq
2.154672103,2.938817298,doq
0.032820973,2.406915255,qat
2.458058444,0.738097883,doq
1.462674564,0.041229911,qat
0.866198203,2.514672600,qat
1.958282694,4.973564352,doq
2.184944033,1.774456879,doq
3.002503529,1.978389262,doq
3.008929216,3.344332497,doq
2.405750366,0.473244234,doq
0.198978452,3.336103369,qat
2.797164702,2.785388176,doq
0.552986912,1.206547516,qat
2.179081111,2.894181691,doq
1.686408054,5.141493793,doq
1.867097386,4.025085701,doq
1.943362324,1.569272455,doq
1.164486055,4.467683818,qat
2.765715166,5.027001134,doq
1.262457857,4.996247916,qat
1.936583696,3.125902022,doq
1.809331839,4.674548071,doq
2.315706949,1.162322436,doq
2.426683497,1.838886133,doq
2.135576411,0.298133419,doq
1.271750221,3.282835116,qat
0.173817585,0.363951708,qat
0.047727013,2.186209697,qat
0.851057484,4.069477928,qat
1.352528445,3.551935510,qat
0.806818459,5.224106071,qat
2.120007470,3.679279370,doq
2.501253351,2.440359193,doq
2.255020900,5.121592475,doq
1.891137744,3.269598906,doq
2.123735036,4.717730103,doq
0.701515246,0.226350478,qat
1.721991234,2.035358937,doq
2.825105160,3.476727675,doq
3.056765240,1.439297791,doq
2.579165719,5.728519073,doq
1.080444743,5.447226176,qat
1.830598970,0.882464169,doq
0.797609556,5.940100931,qat
0.504569583,4.900464719,qat
0.361793874,0.124470707,qat
2.423788212,1.981997872,doq
2.011956508,5.376110799,doq
0.208094043,1.972720385,qat
2.565795852,0.566260768,doq
1.707881032,1.957235802,doq
2.350955788,5.590685803,doq
0.582116359,4.271378428,qat
0.094227510,2.934902197,qat
0.196811734,4.041122477,qat
2.764148831,5.847512851,doq
0.942832693,0.853231062,qat
1.287930798,4.261924451,qat
0.918060908,0.742655056,qat
1.084342654,0.985485052,qat
2.276562305,5.117433187,doq
2.921903230,3.067825314,doq
1.683621997,4.592916008,doq
1.204660403,3.733391852,qat
0.063135467,3.335411008,qat
0.481232734,1.453710260,qat
1.149026702,3.990488481,qat
2.767303133,4.408939215,doq
0.917872711,3.193775464,qat
1.022492248,0.395046785,qat
2.878266535,2.267248538,doq
0.712848583,3.779944390,qat
1.773499841,3.251720638,doq
2.057173110,5.724893752,doq
0.525209399,4.574940709,qat
3.005094051,4.206649898,doq
2.065871206,3.790279123,doq
3.020848481,0.373339630,doq
0.060986793,0.566342316,qat
1.466600752,2.519397123,qat
0.454933194,2.126758726,qat
0.428724286,2.130349655,qat
1.901889888,4.288962914,doq
0.216985476,5.879511224,qat
2.270090791,1.534007318,doq
1.856353904,2.230186077,doq
0.695146990,2.624846299,qat
2.802602680,4.858743138,doq
3.136498301,5.818907981,doq
2.230253113,1.121917067,doq
2.011356997,1.791632564,doq
1.108829756,1.887218533,qat
0.561348246,5.468270868,qat
1.334281265,0.758603549,qat
2.857439466,2.140607410,doq
2.727707614,0.117508216,doq
1.143445939,4.985271688,qat
2.904018372,2.181087662,doq
1.746264256,2.303746845,doq
0.990553185,1.434418962,qat
1.472092552,4.878963710,qat
2.099365307,4.702812697,doq
1.324813486,3.292011912,qat
1.973826612,3.189398112,doq
0.416619367,3.269127621,qat
2.649180951,1.268751137,doq
0.333841130,5.284345167,qat
2.471424425,4.317243443,doq
0.550992877,3.602687989,qat
2.652492637,1.846022814,doq
0.363785010,0.531912158,qat
1.788696975,3.109328488,doq
2.027093529,1.060490363,doq
2.460540035,1.453577945,doq
2.378936747,4.838724840,doq
1.420278045,0.541631912,qat
0.327225659,6.127538911,qat
1.432786840,3.123666146,qat
2.295900266,5.254802792,doq
1.013119011,4.273052661,qat
0.439735965,1.599168248,qat
1.604571896,2.651886758,doq
1.948832083,0.863865135,doq
2.622078656,2.114174724,doq
0.371522560,3.399375101,qat
0.139330702,5.377094113,qat
0.899465121,6.077575101,qat
2.175561276,3.303161551,doq
1.988135319,2.026689522,doq
1.935847573,0.064733190,doq
2.757097761,2.543125340,doq
0.875809797,2.936148988,qat
1.754910895,5.834228444,doq
1.410281726,3.480955790,qat
2.471154343,0.539372372,doq
0.173073061,4.206343366,qat
0.705838818,5.757159793,qat
2.641069085,3.666700817,doq
1.935127111,4.450070977,doq
1.232735382,4.794079596,qat
0.338391740,3.735576810,qat
2.333380594,3.882108950,doq
2.654837823,1.165316950,doq
1.384314822,4.871474004,qat
0.367000745,0.387966963,qat
2.297745806,1.895377110,doq
1.834980420,2.948087925,doq
2.909203348,5.929087046,doq
1.387549050,1.622047951,qat
1.334681932,4.104856481,qat
1.339484317,0.239583335,qat
1.652655881,0.394027529,doq
0.031500843,3.731550047,qat
2.134682212,2.773231303,doq
0.088823115,3.847097249,qat
3.132443084,3.774854052,doq
1.560043759,4.518068300,qat
2.351384450,4.139157040,doq
0.944020653,0.665272411,qat
2.935308375,1.678361931,doq
1.147078776,1.878927680,qat
2.388432057,3.108130596,doq
1.554136048,4.610528959,qat
0.715500026,5.607432500,qat
1.733274517,4.710215769,doq
0.506190785,0.895238776,qat
0.359482154,6.058194355,qat
0.612944626,2.823738522,qat
0.648818952,3.114856435,qat
1.787755670,4.158710995,doq
1.247991448,3.212757884,qat
1.374024392,3.411240418,qat
0.163587987,2.360962776,qat
2.602026343,5.440821024,doq
2.242672300,1.645316519,doq
0.076032233,5.005454801,qat
2.817258836,3.062572472,doq
0.016962407,4.212815939,qat
2.977600626,4.056898945,doq
2.867319225,4.488758544,doq
0.800157724,3.591319440,qat
1.295722816,5.913424848,qat
1.417513669,5.261142139,qat
2.600006506,1.652221541,doq
0.442538370,3.885552334,qat
3.094574069,2.303636299,doq
0.094929466,2.174349878,qat
0.301740332,5.853063996,qat
0.510294873,1.134578574,qat
2.979566380,0.801793488,doq
0.826087301,3.215687114,qat
1.056038755,5.375398518,qat
0.199601884,4.511097131,qat
1.999320359,1.359964913,doq
0.263139081,0.748009551,qat
2.670104880,4.281912345,doq
0.981667220,3.904184707,qat
0.301824364,5.004486639,qat
1.167574864,2.989244032,qat
0.315464539,3.329079712,qat
1.630674989,2.030344918,doq
1.151645121,1.801086011,qat
2.409733510,4.993953155,doq
2.452495547,1.238462720,doq
3.000358802,5.424819523,doq
1.448873761,0.464044142,qat
2.804037096,1.099813538,doq
1.938291868,2.335482224,doq
1.805494589,5.553859133,doq
1.933769661,2.243509051,doq
2.181303853,3.944129135,doq
2.688804717,1.392627240,doq
0.402205184,6.102216756,qat
1.232518043,2.612183783,qat
2.961522417,3.118512228,doq
1.070833572,4.450305960,qat
1.577767322,4.392543302,doq
2.944074540,4.869604257,doq
2.527460406,3.700709527,doq
2.353445454,3.392551410,doq
0.631713244,1.953023055,qat
0.196466651,4.699201684,qat
1.537174458,3.505169134,qat
1.620242480,2.232294925,doq
0.791188693,3.750113903,qat
0.300608640,6.197565034,qat
0.852984874,3.053791833,qat
2.685254878,1.343536521,doq
0.067681899,3.868043784,qat
1.473247347,3.995603593,qat
0.618006307,0.861970447,qat
0.074062249,0.249155570,qat
1.823284256,4.478613287,doq
2.483390028,3.166772693,doq
2.066300086,3.415675252,doq
0.399943391,5.595305666,qat
1.248704252,4.398202063,qat
0.837577141,5.877396750,qat
0.256545437,1.070385386,qat
1.686342190,2.868348769,doq
0.300663693,0.693961724,qat
0.531775151,2.611680218,qat
3.060860397,6.176847080,doq
1.411622525,2.499010284,qat
0.169776572,3.936875607,qat
0.609500867,0.701612378,qat
1.808281366,2.091398915,doq
1.724135101,0.234039424,doq
1.801874473,0.881497096,doq
2.972267771,1.673318596,doq
2.197818352,4.864159488,doq
0.380149399,2.218616070,qat
1.136020543,5.470625622,qat
0.749435589,5.406380191,qat
1.410303864,2.992582010,qat
0.176226918,0.960847619,qat
3.125623862,1.674003331,doq
0.225202221,2.817715769,qat
2.790752523,5.220901501,doq
2.941252554,1.192233469,doq
0.397589653,4.676647435,qat
2.364813348,0.447164689,doq
1.227684571,4.769225939,qat
1.002236098,3.687227742,qat
0.383917402,1.400100344,qat
0.255678348,5.412014533,qat
3.053742524,2.846693334,doq
3.018760391,4.676863512,doq
1.965479779,0.928656557,doq
3.061230127,1.707647447,doq
2.060471054,6.226422221,doq
0.185757579,3.239287126,qat
0.737121444,2.708439078,qat
0.579691729,4.925031939,qat
1.077507985,0.121870231,qat
0.003284133,4.015878138,qat
1.962480072,2.954390926,doq
0.569096926,2.936874912,qat
0.482814254,1.455738443,qat
1.461248780,0.396131008,qat
2.821553695,2.658821234,doq
0.103271378,3.314831220,qat
0.087111363,3.446500115,qat
0.781999376,5.331863961,qat
2.984316225,2.078768186,doq
1.722301061,1.939449724,doq
1.100742376,5.184877383,qat
1.298785264,4.609173698,qat
2.983626395,5.254376316,doq
0.886128001,2.144174042,qat
0.880464089,6.191102813,qat
3.000910451,2.741686301,doq
1.360255912,3.410375397,qat
0.714038253,2.000211848,qat
2.382135203,3.912512261,doq
1.101637424,4.743166125,qat
1.823035566,0.788262205,doq
0.972579980,2.363825669,qat
1.599157929,5.464739261,doq
1.804075111,2.246150565,doq
2.315083827,3.534536539,doq
1.749610583,0.539853583,doq
1.242395667,1.260567534,qat
0.686176485,3.366010158,qat
2.382637596,2.891043900,doq
0.027110842,0.261872992,qat
0.639070416,5.545899589,qat
2.875746065,4.952069796,doq
0.016662110,5.745858732,qat
2.232851656,5.109118179,doq
2.294474220,2.354479436,doq
1.998964531,4.342063954,doq
1.547602727,1.189069684,qat
0.908545824,4.169677349,qat
2.630880467,2.380022356,doq
0.052794898,0.876620033,qat
0.268255151,4.150255929,qat
0.238407226,1.967968138,qat
1.292382169,0.025101001,qat
2.995146690,0.681858217,doq
0.513131759,3.125911389,qat
2.827318790,3.493815576,doq
1.378352410,4.270996384,qat
0.971989256,2.769029983,qat
0.756760110,4.967271020,qat
1.930597484,0.155105160,doq
2.785479247,4.473582953,doq
1.195540838,4.539501567,qat
1.284154526,1.241168849,qat
1.160015522,2.902054034,qat
2.188524077,3.708095055,doq
0.519007586,3.443942769,qat
1.533585193,3.306530031,qat
1.414196020,4.812629512,qat
2.615735903,5.179286546,doq
1.107953877,5.977961511,qat
2.318281318,2.267819669,doq
1.634403858,0.653702572,doq
1.501398366,4.001967869,qat
0.705275379,3.738557033,qat
2.355663273,0.667647162,doq
2.051160146,6.278272757,doq
1.887724318,0.437238844,doq
2.500332381,2.317655678,doq
0.443762091,0.498415738,qat
1.066836072,4.021499981,qat
0.945439084,2.865083095,qat
2.053426047,0.529254567,doq
2.695249251,5.585109542,doq
0.731875461,5.061799211,qat
2.164730477,2.013991512,doq
1.183100268,0.033336778,qat
1.509859987,5.015232237,qat
0.721582623,2.357669544,qat
0.404120194,3.772209839,qat
1.557281916,4.460870886,qat
1.876449873,4.284046454,doq
2.626417439,4.681803408,doq
0.189256659,2.966993802,qat
1.119159161,4.243378104,qat
0.869288862,3.999562046,qat
1.806190030,3.368993561,doq
2.958301712,6.047977223,doq
2.996123690,0.988858110,doq
1.158375731,1.772914150,qat
0.440084699,5.526049988,qat
1.492060228,6.158910065,qat
2.400542077,2.225677355,doq
1.290769338,4.378230361,qat
1.968473289,5.629767210,doq
0.684373561,4.224167991,qat
1.499229020,1.324828984,qat
1.477083034,4.637716446,qat
2.411200670,0.838762087,doq
0.331277453,4.596780767,qat
1.394716789,6.105187585,qat
2.627581233,5.026071575,doq
0.605952585,2.593279872,qat
0.158783586,4.899056610,qat
2.325598386,3.628787771,doq
2.675370292,2.932074958,doq
1.369415119,2.233160661,qat
2.524869896,4.609209927,doq
2.686259910,1.506661057,doq
1.777647604,1.454382831,doq
0.051551691,0.142139983,qat
0.079010491,0.424742424,qat
2.786620004,1.749023095,doq
2.079400437,2.652889430,doq
0.138671075,4.581019869,qat
0.658923502,5.233005995,qat
1.836075397,3.467839919,doq
1.726392329,0.266963474,doq
1.797819697,2.047828188,doq
0.437828103,1.224012368,qat
1.141096347,0.475593107,qat
1.215555653,5.290399067,qat
0.655073196,4.646906289,qat
2.772348088,0.472773938,doq
2.464205643,1.136060942,doq
0.407245580,2.074873925,qat
1.907659722,2.268936420,doq
1.692802828,2.080477930,doq
1.946579693,3.301772686,doq
0.224394593,5.652508845,qat
0.291192254,3.183798493,qat
1.287064554,3.053505222,qat
0.021506064,5.094206343,qat
1.055797278,2.080068114,qat
2.408135815,2.667367638,doq
2.596760969,5.262103545,doq
1.592554978,0.295806147,doq
2.050215401,1.146723294,doq
1.152199525,1.498138409,qat
2.166117161,4.403877978,doq
2.507039442,4.163770307,doq
2.909799628,3.813944523,doq
0.162376930,5.240685852,qat
1.341759112,0.982905047,qat
1.957511697,0.547853543,doq
2.938477994,1.727846519,doq
2.409385943,3.256321470,doq
0.431233937,3.703811476,qat
2.511779587,4.547620507,doq
0.819143154,1.543502490,qat
1.018181998,5.403463100,qat
1.255687761,3.829109168,qat
1.385073657,2.631909044,qat
0.141769983,1.243662248,qat
1.603709837,5.839326359,doq
0.601474348,0.419726349,qat
0.076812426,3.578100951,qat
1.335082874,5.592705203,qat
1.230216335,0.572461893,qat
2.239587813,3.056810824,doq
2.153801760,3.904803921,doq
2.646339011,3.065074916,doq
2.614872872,5.471562293,doq
2.902978389,4.599310482,doq
1.581336065,3.904760102,doq
0.510567847,0.413754684,qat
0.633466252,3.625495871,qat
2.529007767,1.019788493,doq
1.458268156,5.990117029,qat
0.144752832,5.077239578,qat
2.327120379,5.887202665,doq
0.786969457,5.283096108,qat
2.905854885,3.178849522,doq
2.669376734,5.189475624,doq
1.413557442,3.978064798,qat
0.166922045,4.302831887,qat
2.893310286,4.438834607,doq
0.154491543,1.787406136,qat
2.527698767,5.070025916,doq
2.771101766,0.646259564,doq
2.162337207,0.902439605,doq
1.229124271,4.852068813,qat
2.951837288,1.716826842,doq
1.949695114,4.946715439,doq
2.702202622,4.095839495,doq
2.174304556,3.761138494,doq
0.132350011,2.991427141,qat
2.962252947,3.171150592,doq
0.439912726,1.866220183,qat
1.477129532,3.774800445,qat
0.444450303,2.164168899,qat
0.578223078,4.531253649,qat
1.108535419,2.156508685,qat
3.098569262,0.146835182,doq
1.135809198,4.227370459,qat
0.669093214,2.478423418,qat
2.452509357,5.336367728,doq
1.912198709,2.013018939,doq
0.522483074,1.798225220,qat
1.889417816,2.744477171,doq
2.287627329,0.161493199,doq
1.199148195,5.579394291,qat
1.618950068,5.808821741,doq
1.521174544,3.290143645,qat
0.739195973,4.471516047,qat
0.728215693,4.633457320,qat
0.125340132,3.773537424,qat
0.456543317,2.964526285,qat
0.751655427,4.054509769,qat
0.041746077,2.906310025,qat
2.030501044,1.468144059,doq
3.086734986,1.880827055,doq
2.709947707,1.245548408,doq
2.978637847,3.972827592,doq
1.193200101,1.669741624,qat
1.726898346,0.383021551,doq
0.183069414,6.158271301,qat
2.410215221,4.318919856,doq
1.155783894,1.131956459,qat
2.176133836,3.538662085,doq
2.253158331,0.108315978,doq
3.016879205,1.483325643,doq
1.790827473,2.068814596,doq
2.126403450,5.779788807,doq
2.453828829,4.606720963,doq
2.291479511,4.895261084,doq
0.874903950,2.997522248,qat
2.626828348,1.789275454,doq
2.892300092,5.590309052,doq
1.203206093,5.481183769,qat
0.103216964,4.985607030,qat
2.976296211,0.960197508,doq
2.503209072,4.437233780,doq
1.266417241,1.633500316,qat
1.029675507,3.795312150,qat
0.598541601,3.323640645,qat
2.803526661,3.546809918,doq
1.811724658,5.223144278,doq
1.727871819,0.651703605,doq
1.806985938,4.754533775,doq
2.373808543,2.545285302,doq
0.085661319,5.189079790,qat
2.550786600,2.813709860,doq
2.938142715,5.764784398,doq
1.412109759,3.598213211,qat
0.950339289,0.187412902,qat
2.310207381,3.522996428,doq
0.356456878,3.281134227,qat
0.272187577,3.098127156,qat
0.486481474,1.411965608,qat
0.904389590,0.369450236,qat
1.309381043,0.277647394,qat
2.322394014,5.176710318,doq
1.592059470,1.621387830,doq
0.037551287,0.977864250,qat
0.357442275,4.687779231,qat
1.214833370,0.649837204,qat
2.527338262,2.118190042,doq
2.521825931,5.570187325,doq
0.748812889,5.116294982,qat
2.568893350,1.123201476,doq
1.394524090,1.601307625,qat
2.287962839,1.772045984,doq
2.956491634,5.899478892,doq
1.813065138,2.762687831,doq
0.340572581,2.155975677,qat
2.386194349,5.318015052,doq
1.901482839,3.645722919,doq
1.919808098,4.291895788,doq
1.438161058,3.686133360,qat
2.550185017,2.753396435,doq
0.051712493,2.570639755,qat
1.309081332,1.836802011,qat
1.912027129,1.196189439,doq
0.401751531,5.977679340,qat
1.898762688,0.977864339,doq
0.264340353,0.152691718,qat
1.791613474,1.968094789,doq
1.953389102,4.189886561,doq
0.362244333,2.097153170,qat
2.333433536,0.102123917,doq
0.268971544,4.246765483,qat
0.583272159,5.678565404,qat
1.541064243,1.533408742,qat
2.011613266,4.443711927,doq
2.526679344,0.587511158,doq
0.867933790,3.667072025,qat
1.650228557,4.411593541,doq
1.419044785,1.130068576,qat
1.065759502,3.749835538,qat
1.593498500,0.172468899,doq
2.090315103,5.305376420,doq
2.622202461,2.699084346,doq
0.772396164,4.221168931,qat
2.734748960,3.628216803,doq
0.483048619,4.740298108,qat
1.107711008,1.607190285,qat
1.989071410,5.962708998,doq
0.767546458,2.689775574,qat
2.222866125,3.728432606,doq
1.588248917,5.145619275,doq
1.099848159,4.467936859,qat
1.487351496,0.383454585,qat
1.973106791,1.914058541,doq
1.727595853,0.267494154,doq
0.021138484,3.058468306,qat
2.446298091,0.489277533,doq
2.519787962,4.540517270,doq
2.862448109,2.666949080,doq
1.220964170,5.115324588,qat
1.173579479,0.223046618,qat
0.187184174,0.588567597,qat
1.248869503,5.867835579,qat
2.719671217,0.161173203,doq
1.488922286,1.880249435,qat
0.950776234,5.593197783,qat
2.415002057,1.616721190,doq
2.559402526,0.129082906,doq
2.971961243,3.202699037,doq
2.917442992,4.361547029,doq
1.165902753,4.998971380,qat
1.286170298,4.826772709,qat
1.094359370,1.351991602,qat
0.228145278,5.189491738,qat
0.535255400,4.642570220,qat
0.421727017,2.591819249,qat
0.580227440,4.202368279,qat
0.404797569,3.588374190,qat
2.211427853,4.088512961,doq
1.437898125,0.495540335,qat
0.790032109,4.893222206,qat
0.693359414,3.390189411,qat
0.432045045,2.167256859,qat
0.413702478,5.999105316,qat
0.792411720,3.312901878,qat
1.132692085,1.522925571,qat
0.744899261,1.989839448,qat
0.719303828,4.831961937,qat
0.070343043,3.662176435,qat
2.472857212,3.825244486,doq
1.453872620,3.040454901,qat
2.798037614,2.993427022,doq
1.510156915,4.212755104,qat
0.403538099,5.972606844,qat
1.079967757,4.402114909,qat
3.141567621,3.016443571,doq
2.233802332,1.477134556,doq
0.737354879,2.842667816,qat
0.705056030,2.613339245,qat
3.037222737,0.278628059,doq
0.548891149,2.639348780,qat
1.419731895,1.584786602,qat
2.001171181,5.319530059,doq
1.782454952,3.756756947,doq
2.199298197,5.440566069,doq
1.565828806,1.305720868,qat
0.733158922,6.125813320,qat
2.900659502,0.467031351,doq
2.529228915,0.477843273,doq
1.734632667,1.606005799,doq
2.134489534,5.920512413,doq
1.522896012,4.445595588,qat
0.372404646,3.140941192,qat
0.853688861,1.336703886,qat
0.343940088,3.425202194,qat
1.121962857,1.132880961,qat
2.199906457,2.030237051,doq
2.130428621,4.077723728,doq
1.955804538,5.982485727,doq
1.675230899,4.794389086,doq
3.080575449,3.412279547,doq
1.576099773,1.742143990,doq
1.869231405,5.654343192,doq
2.347874458,2.565458946,doq
1.862983868,5.309426781,doq
3.095680125,6.076166588,doq
0.022441574,1.720452510,qat
1.520350009,2.196739756,qat
1.928402265,5.572442559,doq
0.977182230,1.033385437,qat
0.706004376,5.079366985,qat
2.094535008,4.424008857,doq
0.566936602,0.094281092,qat
0.448409347,0.413981059,qat
2.126969686,1.564635265,doq
1.089878255,1.635013197,qat
1.266489053,5.458072299,qat
1.351355987,3.451391216,qat
1.195964618,1.241447092,qat
1.234991868,4.185730175,qat
1.697413499,0.029216721,doq
0.843322074,2.645689084,qat
0.864644693,6.255506945,qat
2.031048238,0.660355229,doq
0.516935424,4.634546991,qat
1.305332940,3.744336976,qat
1.361663262,0.477465659,qat
1.314289973,2.651351818,qat
1.080288853,5.379627399,qat
2.941464885,5.665997694,doq
2.405178108,5.300578072,doq
1.447939157,2.766614350,qat
2.389197033,3.307780114,doq
2.367813491,2.859468891,doq
1.073667088,5.467932558,qat
2.680410214,3.820325834,doq
0.061886426,3.546759066,qat
0.527081364,3.162493753,qat
1.111086288,2.500043277,qat
1.400017806,0.190670107,qat
1.679437047,4.069542203,doq
0.292097946,2.675854729,qat
0.870058400,0.176597349,qat
1.686092334,1.438342965,doq
0.081848067,5.362934353,qat
0.118847972,6.173290648,qat
1.218820030,5.470475165,qat
3.028346249,1.131722986,doq
2.432726424,2.723662614,doq
3.130780645,2.562160939,doq
1.717335819,0.729362952,doq
0.481665689,4.209805511,qat
2.936186458,0.703026891,doq
2.839415318,2.719369588,doq
0.031520910,3.071256243,qat
2.509286589,2.610651094,doq
2.051070473,4.066535665,doq
2.229442243,5.221625934,doq
1.480049617,3.288225388,qat
1.854486272,4.989815759,doq
0.549500512,3.527491707,qat
1.528392664,4.408467200,qat
1.876149665,1.145348855,doq
2.217239348,1.238575535,doq
1.408413769,5.893678178,qat
1.737960078,4.079941623,doq
0.810616000,0.768249340,qat
2.325344620,0.650713110,doq
2.908315642,2.562013465,doq
0.608421730,1.023288032,qat
1.422045047,5.757129984,qat
1.774997784,6.003075749,doq
2.422336144,2.713848614,doq
1.698240163,3.301411429,doq
2.858178342,5.462434239,doq
0.539644766,0.573905886,qat
0.854169321,4.778294808,qat
2.051118157,0.303857375,doq
0.109467821,6.080545461,qat
2.992933147,0.129994521,doq
2.658543249,3.055366767,doq
1.773567044,4.286448994,doq
0.305257490,4.065617820,qat
1.333107064,1.046367538,qat
3.097062938,0.641183078,doq
2.944920270,3.139466141,doq
2.161736910,6.021085275,doq
1.868994144,4.181490415,doq
1.144866557,2.892388949,qat
0.204715215,1.963263988,qat
3.116482023,5.149699605,doq
2.460748173,2.762431503,doq
0.252552611,5.028818194,qat
2.663622807,2.713434811,doq
3.071742383,4.315301472,doq
2.395839341,5.850684781,doq
1.852403523,0.332689018,doq
1.010929353,2.057702317,qat
2.941140867,4.383986421,doq
0.566710108,1.969257381,qat
2.977974856,0.314021780,doq
0.640159248,0.599302473,qat
2.769355491,4.234478438,doq
0.244041628,5.639676995,qat
0.996767943,5.811829268,qat
0.965311560,3.736425095,qat
0.402085240,5.160886657,qat
2.975171066,4.777953380,doq
1.370786946,6.020753413,qat
0.317234554,3.539079595,qat
2.693203560,6.236657519,doq
0.452255003,1.377248276,qat
1.653714170,4.860624579,doq
0.355554995,4.774102759,qat
1.565931451,4.231421367,qat
0.953153780,3.365188502,qat
1.431335126,5.669803479,qat
1.201416942,2.607685038,qat
0.620298008,3.249333103,qat
1.724757231,0.622716871,doq
1.212289305,3.594254497,qat
2.376276361,4.505881072,doq
1.445655333,3.331015645,qat
0.425411840,4.511455891,qat
0.494245172,0.568479343,qat
2.280602394,5.765857488,doq
1.969529084,2.564953807,doq
1.515119831,4.709545100,qat
1.488688021,0.166576169,qat
0.637002249,5.932947667,qat
0.265095973,1.866398140,qat
2.158121755,0.376040853,doq
1.108403593,0.313840042,qat
1.293700507,1.210195284,qat
2.302564014,2.396707522,doq
2.552438963,5.863098458,doq
1.367190637,1.448437760,qat
1.584126886,0.882415516,doq
2.294071644,4.723882659,doq
1.962440268,0.608207912,doq
1.934065022,2.148004007,doq
0.086928305,0.379204712,qat
0.545812044,5.687238634,qat
2.484059490,5.380772010,doq
0.986754747,2.152283223,qat
1.378499372,3.597700266,qat
2.094289307,2.688468616,doq
3.127787729,4.756691459,doq
1.596990228,0.880384171,doq
1.729709320,2.254048360,doq
2.203104375,0.278290073,doq
1.914968462,0.515892902,doq
0.087555652,1.795139083,qat
2.628804122,5.555280738,doq
2.689369426,1.672886805,doq
0.205098228,2.187262824,qat
1.087942787,0.847438283,qat
2.646041474,3.928414204,doq
0.267112931,3.747926236,qat
0.310801172,2.592747788,qat
2.157326545,0.196193560,doq
3.138198280,3.583924839,doq
1.563387678,0.363752429,qat
2.853185357,5.786246890,doq
2.017439648,2.727970569,doq
1.365433849,4.064062264,qat
0.454401345,6.254340688,qat
0.794516808,4.292288643,qat
1.786940545,5.033893997,doq
0.618200263,0.299079810,qat
0.922762020,4.343641345,qat
2.395396287,1.873970791,doq
1.298566036,2.534605382,qat
1.243381357,5.689850646,qat
1.844230456,3.967865065,doq
2.189625850,1.464612539,doq
0.093080442,4.124094625,qat
0.455330132,3.629079526,qat
0.011061588,5.915087393,qat
2.450526184,4.901927458,doq
2.380702844,1.659172900,doq
1.425818867,1.423579991,qat
0.252919948,5.373033426,qat
2.326526371,6.270787246,doq
0.629822393,0.232561831,qat
0.785134705,4.706531638,qat
2.759371283,3.547335417,doq
3.100671885,2.447409583,doq
0.345376335,1.876558864,qat
2.059644948,4.020783818,doq
0.332954480,2.579498774,qat
1.933053198,2.164229240,doq
1.959077583,1.911064780,doq
2.602199336,2.530318500,doq
0.217622797,3.467666845,qat
2.596729307,0.387431847,doq
2.868957480,0.056529117,doq
1.855074555,1.018612978,doq
2.467361053,4.839658028,doq
0.598403204,2.425886730,qat
0.177105363,5.958150098,qat
1.749753662,3.746966301,doq
0.330996490,3.969944289,qat
0.772141925,0.890799524,qat
2.151964536,0.865865676,doq
2.735201350,6.109371134,doq
2.267135510,5.938861361,doq
2.293510734,5.325557869,doq
2.210199563,4.633451229,doq
0.106251232,1.005813719,qat
2.420806866,5.981586944,doq
1.445251176,3.582747045,qat
1.739279397,3.786885471,doq
1.282870857,3.617462604,qat
0.839615215,1.971966459,qat
0.099204806,4.815048537,qat
0.709552436,0.337494417,qat
2.947309804,1.496390549,doq
1.516372699,0.226491648,qat
2.152048270,4.967840221,doq
0.326906809,3.388841396,qat
0.974776822,2.999809671,qat
1.415471071,3.901616081,qat
1.824096075,1.303875637,doq
1.128231451,2.702225974,qat
2.690092040,4.278101326,doq
2.641469707,5.944497554,doq
1.669245341,0.572199992,doq
2.234203611,6.112710728,doq
1.209651678,3.597439230,qat
1.849694448,4.211884621,doq
1.393941922,2.780342099,qat
0.590135560,2.245231657,qat
1.019941297,1.074251473,qat
3.012400106,6.205149442,doq
0.267033090,4.355260034,qat
0.453341199,1.243812345,qat
2.329429698,4.557490177,doq
1.328784007,5.799217266,qat
0.269123379,4.768236336,qat
3.050021325,5.543528790,doq
0.531359957,5.981086769,qat
2.062136245,2.525561398,doq
2.364079308,1.471830908,doq
2.526327858,5.891541431,doq
0.306514562,1.887490828,qat
1.017455782,0.598081132,qat
2.843907852,4.431349270,doq
2.775874581,1.837825395,doq
2.283875914,3.905929666,doq
2.731262047,0.296057910,doq
1.714759981,0.520239255,doq
2.122332452,1.550696661,doq
2.944706049,0.846110708,doq
2.017423018,0.818409692,doq
1.745097490,4.202905859,doq
0.734660437,5.553673392,qat
0.282081696,5.427316814,qat
1.168849625,1.639826677,qat
2.568982137,3.437361476,doq
2.749443224,0.989389918,doq
2.092584359,1.649643485,doq
0.152206742,4.443285439,qat
1.525341207,5.056031444,qat
1.480445027,4.937397054,qat
1.901994128,3.052374768,doq
1.774804573,2.254179199,doq
0.249933948,3.389418157,qat
1.671574211,2.183478035,doq
2.356774531,2.117743601,doq
2.558879708,0.468683545,doq
0.173734534,4.167870419,qat
0.584901603,2.744478631,qat
2.005523433,5.990980588,doq
2.759192642,5.822635128,doq
2.342795466,1.286396288,doq
1.924896825,5.515192327,doq
0.710891284,2.482164261,qat
2.339272924,2.428029578,doq
0.763093046,4.747333890,qat
1.484072889,2.889787935,qat
0.038860231,1.361453381,qat
2.846910084,2.615120844,doq
0.793059115,3.194385673,qat
1.927397840,2.121222498,doq
2.780684752,4.989782514,doq
3.076177139,6.101406832,doq
1.922067043,5.744297474,doq
1.219530262,2.281615077,qat
0.310597952,4.563348478,qat
0.417777998,2.275221973,qat
0.710188615,0.609677174,qat
2.032218338,4.916588732,doq
1.636735078,5.899791083,doq
0.994442841,2.667083746,qat
1.576850461,2.522926332,doq
2.918836510,2.646432025,doq
2.166332533,5.347635091,doq
2.758669488,5.020889907,doq
3.138601451,4.577853265,doq
0.059928341,3.321398935,qat
0.638648845,5.455264798,qat
2.676505767,0.505219031,doq
2.002447664,1.910394608,doq
2.108905751,5.230626050,doq
0.063849385,2.752375545,qat
0.999571109,3.059380885,qat
0.133145954,1.864880657,qat
0.532910348,1.558615671,qat
2.665385628,4.253111630,doq
3.055780149,4.750298622,doq
1.326818983,2.474988231,qat
0.468292181,5.797323421,qat
1.193225691,4.225916530,qat
0.809028274,3.263592191,qat
0.856290503,6.078330202,qat
0.300328758,3.363058454,qat
2.377817509,4.956454397,doq
0.580813117,5.588575528,qat
2.118462800,0.697247750,doq
0.090707527,0.452589250,qat
1.933229409,5.742896570,doq
2.837020230,3.020649964,doq
0.007041848,1.867114011,qat
2.573216302,5.661471929,doq
1.107678713,5.495000959,qat
1.588863197,5.117203246,doq
2.441868054,1.681568970,doq
2.112694047,0.166494638,doq
1.189816530,2.096392038,qat
2.444299917,1.198015801,doq
2.537678579,4.223088138,doq
3.123843045,2.889551965,doq
0.617297544,1.203672821,qat
1.937647209,3.734981293,doq
0.310144488,0.246020229,qat
0.416475557,1.872046704,qat
1.043378161,1.044321934,qat
1.127588223,1.919346489,qat
2.741441417,1.079419459,doq
3.024008373,5.983184329,doq
0.663255349,4.003480747,qat
1.036430971,0.526031706,qat
3.078138035,2.306908267,doq
0.918496918,2.740009508,qat
2.208972000,2.625070756,doq
0.701852025,1.000717783,qat
2.718040508,0.881788844,doq
2.113629697,4.753525293,doq
0.826604376,5.575670241,qat
2.858597462,3.320023171,doq
0.169462131,2.975778959,qat
3.013603105,2.374784964,doq
0.008310648,6.047382402,qat
0.213037631,0.835583378,qat
1.034899017,3.913456929,qat
1.048171974,4.671040807,qat
0.572289993,4.565854551,qat
2.475463631,4.416575187,doq
0.101012106,4.875682351,qat
0.807133111,6.025974247,qat
2.728891779,0.741924018,doq
0.834809046,2.830011065,qat
2.213263599,5.494508327,doq
1.143363093,5.649344794,qat
0.070047134,2.493149963,qat
1.156545860,2.306324253,qat
1.667433469,4.963048927,doq
1.839289100,0.415422793,doq
3.106126093,1.307974709,doq
1.366169583,3.755979154,qat
2.508095747,3.898611892,doq
2.234511921,2.959558776,doq
0.130064711,5.186277093,qat
2.809794472,2.369758449,doq
0.421511880,1.487584941,qat
0.424617445,2.193388719,qat
0.849712479,2.323029740,qat
3.135511578,1.417905993,doq
0.491421265,5.658018636,qat
2.290990664,5.749984022,doq
2.489767833,4.777177470,doq
0.973150977,0.420084974,qat
0.162648652,0.631495020,qat
2.829423887,5.099803405,doq
1.805944139,5.030045849,doq
0.089581929,3.573436726,qat
1.833679322,2.983851626,doq
2.096814354,5.660470802,doq
2.472434322,4.511079936,doq
2.407116128,2.791082414,doq
1.078373002,4.684695709,qat
2.960907263,5.283563019,doq
0.923721468,1.211187223,qat
1.025855159,4.298041656,qat
2.653359717,3.450005919,doq
0.055635565,4.994964058,qat
0.722962499,1.813475384,qat
3.084058670,2.065929720,doq
0.622091541,6.282577549,qat
1.022522816,0.091757956,qat
1.370462136,2.737436059,qat
2.333197010,6.241760928,doq
0.483349255,3.205729233,qat
1.765079086,0.353470370,doq
1.345327602,5.525233191,qat
